{"cameraMode":{"drawMode":2,"name":"Shaded Wireframe","section":"Shading Mode"},"sceneLighting":false,"audioPlay":false,"sceneViewState":{"showFog":true,"showMaterialUpdate":false,"showSkybox":true,"showFlares":true,"showImageEffects":true,"showParticleSystems":true},"in2DMode":false,"pivot":{"x":-0.8322222232818604,"y":-0.33283931016921999,"z":0.642083466053009},"rotation":{"x":-0.09915610402822495,"y":0.6339710354804993,"z":-0.08243849873542786,"w":-0.7625333070755005},"size":1.257781982421875,"orthographic":false}